family_id,n_train_pos,n_train_neg,n_samples,n_pos,n_neg,similarity_adjust_intercept,similarity_adjust_slope,raw_similarity_corr,raw_auroc,raw_auprc,raw_paired_ranking_accuracy,raw_best_threshold_accuracy,raw_mean_pos_score,raw_mean_neg_score,adjusted_auroc,adjusted_auprc,adjusted_paired_ranking_accuracy,adjusted_best_threshold_accuracy,adjusted_mean_pos_score,adjusted_mean_neg_score
1_11_1_7,10,10,20,10,10,0.32271837895792743,0.002423532596676872,0.19410156613473248,1.0,0.9999999999999999,1.0,1.0,0.5416450692713909,0.36773862374854216,1.0,0.9999999999999999,1.0,1.0,0.08650486923103914,-0.08650486923103909
MEAN,,,20.0,10.0,10.0,0.32271837895792743,0.002423532596676872,0.19410156613473248,1.0,0.9999999999999999,1.0,1.0,0.5416450692713909,0.36773862374854216,1.0,0.9999999999999999,1.0,1.0,0.08650486923103914,-0.08650486923103909
